Farmer_ID,Buyer_ID,Crop_Type,Quantity,Rating
F1769,B0684,Cotton,128,3.7
F1006,B1802,Sugarcane,332,4.5
F1591,B1556,Barley,1384,3.9
F1909,B0582,Wheat,1046,4.6
F0720,B1544,Pulses,209,4.5
F1087,B1965,Wheat,1389,4.3
F0184,B1058,Maize,1229,4.7
F1023,B0736,Cotton,937,4.9
F0311,B0691,Rice,517,4.2
F1817,B0758,Cotton,902,3.5
F1562,B1514,Maize,511,3.8
F0177,B1796,Maize,903,4.5
F1599,B1644,Pulses,166,4.3
F1453,B0754,Maize,413,3.4
F1097,B1447,Wheat,515,3.1
F0847,B1492,Pulses,233,4.4
F1191,B0024,Cotton,709,3.5
F1249,B1240,Barley,1239,4.0
F1601,B0055,Cotton,124,4.5
F1605,B1050,Rice,875,4.1
F1976,B1305,Maize,1345,3.2
F0009,B0804,Maize,552,3.4
F0236,B0327,Sugarcane,844,3.4
F0710,B0970,Pulses,636,3.5
F0924,B0186,Sugarcane,705,4.1
F0685,B0495,Pulses,1416,4.0
F0794,B1036,Wheat,749,3.4
F1052,B1665,Pulses,684,3.1
F0808,B1908,Cotton,893,3.3
F1935,B0434,Rice,1324,5.0
F1670,B1945,Barley,884,3.9
F0027,B0208,Pulses,1203,4.7
F0550,B0133,Pulses,813,4.7
F1220,B1363,Pulses,407,4.0
F1227,B1220,Rice,741,4.4
F0085,B1286,Maize,1481,3.4
F1856,B1306,Rice,671,4.4
F1054,B0369,Millets,531,3.5
F0466,B1127,Millets,1029,4.7
F1123,B1656,Millets,1151,3.2
F1923,B1207,Maize,1027,4.5
F1214,B0423,Millets,1394,3.2
F0012,B1033,Barley,339,4.8
F1627,B1581,Cotton,1370,3.6
F1013,B0244,Rice,801,4.3
F1054,B0782,Maize,72,4.0
F1749,B0624,Cotton,855,3.7
F1062,B0567,Cotton,221,4.3
F1877,B1417,Maize,884,4.9
F0572,B0527,Millets,367,3.1
F1318,B0037,Maize,957,4.8
F1384,B0178,Wheat,847,4.2
F1679,B0639,Cotton,1040,4.6
F0914,B1653,Maize,904,3.8
F0180,B0852,Cotton,1266,3.9
F0797,B0072,Millets,730,4.7
F1136,B0352,Rice,965,3.8
F1766,B0623,Barley,1191,4.1
F1468,B1173,Sugarcane,1079,3.0
F1045,B1721,Millets,892,3.3
F1169,B0105,Sugarcane,532,4.3
F1523,B1683,Pulses,181,4.4
F1170,B0221,Maize,1166,4.2
F0441,B1850,Maize,910,3.3
F0887,B0863,Millets,343,3.9
F0421,B1398,Cotton,690,3.7
F1340,B0518,Millets,1049,4.0
F1190,B1284,Pulses,441,4.7
F1676,B0299,Millets,298,4.6
F1227,B0861,Maize,752,3.2
F1520,B0042,Millets,1490,4.8
F1780,B0771,Cotton,1216,3.9
F1649,B0897,Maize,1310,4.5
F0468,B0492,Cotton,336,3.3
F0713,B1463,Millets,326,4.3
F0385,B1807,Maize,436,3.5
F0314,B1071,Wheat,1455,3.9
F0771,B0085,Barley,499,3.0
F1279,B1710,Cotton,340,3.3
F0959,B1082,Barley,1242,3.2
F0917,B0991,Wheat,492,3.5
F0023,B0711,Wheat,705,3.2
F1929,B0209,Wheat,1257,4.4
F1782,B1272,Wheat,1118,3.1
F0339,B1235,Rice,876,4.2
F1517,B0039,Barley,1341,3.3
F0823,B1276,Millets,525,4.9
F1535,B1667,Pulses,302,4.9
F0366,B0926,Millets,1469,3.5
F1396,B1827,Millets,338,4.2
F0915,B0762,Barley,1285,3.1
F1854,B1977,Millets,1049,4.9
F1623,B1437,Sugarcane,70,4.0
F1243,B0946,Rice,365,3.1
F0475,B1470,Millets,613,3.7
F1447,B0052,Maize,1496,3.2
F1380,B0374,Millets,1306,3.8
F1484,B1550,Maize,172,4.3
F1527,B0931,Pulses,923,3.9
F0027,B0156,Sugarcane,1009,3.8
F0942,B1978,Sugarcane,263,3.2
F0802,B1566,Sugarcane,888,3.5
F0801,B1114,Wheat,696,3.2
F0860,B1927,Rice,1017,4.6
F1247,B0679,Millets,779,3.3
F0864,B0351,Maize,649,4.2
F0690,B0069,Rice,841,3.7
F1172,B1187,Rice,89,3.5
F1448,B1266,Rice,801,4.3
F0739,B1519,Sugarcane,1405,3.9
F1375,B1407,Pulses,992,3.8
F1210,B1076,Pulses,697,4.2
F0415,B0654,Sugarcane,231,4.0
F1830,B0063,Maize,314,3.6
F0982,B0509,Maize,820,4.1
F0429,B0292,Maize,912,4.3
F0041,B1115,Millets,481,3.1
F0905,B1688,Pulses,1269,3.9
F1012,B1448,Millets,558,3.1
F1417,B1693,Pulses,496,3.4
F0703,B0821,Rice,577,4.1
F0079,B1389,Sugarcane,1275,4.7
F0717,B0150,Wheat,924,4.8
F1920,B1864,Rice,1206,3.1
F1814,B1295,Cotton,1212,3.8
F1808,B0881,Millets,718,4.2
F0544,B1605,Pulses,896,3.3
F1474,B1140,Rice,119,4.5
F0474,B0704,Sugarcane,865,4.5
F1166,B0516,Cotton,1088,4.8
F1275,B1611,Barley,1285,3.0
F0294,B1938,Millets,1133,3.4
F0610,B1834,Rice,1325,4.7
F0136,B1265,Sugarcane,495,4.3
F0484,B0030,Sugarcane,1075,4.8
F1813,B1167,Pulses,1409,3.1
F1336,B0326,Wheat,68,4.2
F0814,B1719,Rice,610,4.1
F0555,B0949,Sugarcane,1151,3.1
F1656,B0016,Millets,521,4.0
F1756,B0111,Maize,77,4.2
F0046,B0872,Sugarcane,609,3.4
F1260,B0713,Wheat,657,3.5
F1072,B0107,Sugarcane,1238,4.3
F0198,B0379,Pulses,507,3.9
F0084,B0162,Barley,994,4.7
F0543,B0283,Rice,1249,3.7
F1185,B0269,Pulses,1033,3.5
F1452,B0484,Rice,917,5.0
F0071,B0667,Cotton,1065,4.8
F0520,B1097,Rice,78,3.1
F1993,B1221,Cotton,718,4.5
F0898,B1267,Pulses,875,3.2
F0913,B0598,Maize,865,3.1
F1076,B0799,Millets,328,3.5
F1069,B1283,Wheat,332,3.5
F0293,B0798,Maize,1052,4.6
F0938,B1173,Millets,354,4.4
F0812,B1891,Cotton,743,5.0
F1489,B0390,Sugarcane,158,4.4
F1909,B0416,Sugarcane,373,3.8
F1574,B0426,Maize,1279,4.4
F0867,B0997,Sugarcane,1307,5.0
F0380,B1726,Cotton,507,4.4
F1007,B1241,Pulses,1260,4.5
F1767,B1952,Wheat,531,4.9
F1502,B0867,Barley,971,3.2
F0262,B0086,Rice,1480,4.4
F0580,B1240,Cotton,569,4.7
F1203,B0423,Millets,1126,4.9
F0357,B1344,Barley,1471,3.4
F1443,B0118,Cotton,1272,4.0
F0698,B1950,Rice,440,4.4
F1977,B0959,Rice,820,3.5
F1225,B0882,Wheat,962,4.2
F1926,B0992,Wheat,1245,3.5
F1037,B0415,Wheat,135,3.7
F0443,B0599,Sugarcane,607,3.9
F0726,B0040,Millets,907,4.1
F1756,B1185,Millets,1259,3.9
F0286,B0703,Cotton,1229,4.0
F1780,B0537,Pulses,715,3.6
F1892,B0420,Rice,1203,3.3
F1282,B0664,Cotton,892,3.1
F0570,B0095,Barley,1154,3.4
F1572,B1466,Cotton,1457,4.2
F0840,B1959,Millets,344,4.6
F1965,B1582,Wheat,318,3.3
F1514,B0973,Wheat,694,3.2
F0498,B0650,Cotton,584,4.5
F1929,B1490,Millets,1451,3.6
F1918,B0288,Millets,1449,4.9
F0705,B1889,Millets,137,4.4
F1357,B1700,Wheat,974,3.7
F0562,B0412,Millets,160,3.6
F1999,B0400,Sugarcane,633,4.0
F0032,B0528,Rice,1227,3.2
F1634,B1042,Barley,818,3.2
F0043,B0136,Millets,1229,3.4
F1917,B1488,Cotton,1391,4.5
F1375,B0759,Rice,287,4.0
F1358,B1272,Sugarcane,383,3.0
F1846,B0843,Barley,155,4.3
F0559,B0710,Wheat,431,3.8
F0270,B1025,Maize,738,4.0
F1968,B1726,Sugarcane,310,3.4
F1847,B0381,Maize,1366,4.1
F1437,B0509,Rice,1408,5.0
F0943,B1484,Cotton,704,3.1
F1599,B1529,Barley,869,3.6
F1043,B0806,Wheat,758,3.5
F1371,B0476,Barley,525,3.5
F1929,B1581,Sugarcane,1298,3.8
F1637,B0954,Wheat,956,4.6
F0037,B0849,Maize,604,4.8
F1643,B0897,Maize,712,3.4
F0092,B0032,Pulses,1369,4.1
F1844,B1928,Barley,624,4.3
F0185,B0118,Millets,691,4.0
F0728,B1832,Cotton,512,3.9
F1052,B1208,Millets,904,3.4
F1572,B0191,Maize,1287,4.0
F0372,B1771,Cotton,634,3.8
F0832,B1774,Pulses,992,4.6
F1554,B1752,Sugarcane,665,4.5
F0345,B0074,Pulses,207,3.3
F1443,B0623,Cotton,321,3.2
F1220,B1127,Maize,1311,4.8
F0078,B0871,Rice,1376,4.1
F0167,B0586,Cotton,719,4.7
F1114,B0420,Wheat,670,3.1
F0264,B0473,Millets,570,4.1
F1496,B1788,Rice,1394,4.1
F1232,B0114,Barley,108,4.7
F0724,B1403,Cotton,1431,3.2
F1295,B1337,Wheat,753,3.5
F1287,B0330,Millets,697,3.8
F1530,B0339,Barley,1324,4.7
F1809,B0238,Pulses,940,4.9
F0512,B1197,Rice,485,5.0
F1878,B0079,Cotton,195,4.9
F1750,B0464,Sugarcane,908,3.0
F1910,B1922,Pulses,1027,3.1
F0576,B0605,Wheat,1425,3.3
F1548,B1988,Sugarcane,294,3.7
F0722,B1525,Maize,350,4.7
F1336,B0562,Pulses,487,4.8
F1198,B0285,Millets,917,3.4
F0431,B0223,Pulses,149,4.2
F0768,B0593,Millets,774,4.8
F0463,B1290,Cotton,863,3.9
F0101,B1691,Cotton,529,3.2
F1040,B0373,Wheat,464,3.9
F1733,B1257,Pulses,214,3.8
F1282,B0911,Cotton,1375,4.2
F1920,B0828,Maize,1023,3.9
F0244,B0236,Millets,1194,3.0
F1372,B0671,Barley,137,5.0
F1273,B1941,Barley,1290,4.1
F0105,B0828,Barley,622,3.9
F0694,B0763,Cotton,863,4.9
F1691,B1338,Pulses,228,3.3
F1311,B1961,Barley,212,3.4
F1193,B1966,Rice,642,4.6
F1444,B1837,Sugarcane,1055,3.5
F1071,B0380,Pulses,1243,4.6
F1067,B0794,Millets,350,3.5
F1345,B0614,Maize,423,3.1
F0818,B0563,Pulses,757,4.0
F0221,B0420,Maize,252,3.4
F1537,B0052,Pulses,96,4.5
F1736,B1745,Barley,512,4.3
F1465,B0819,Sugarcane,457,4.8
F0144,B1667,Sugarcane,1267,4.6
F0890,B1533,Maize,476,3.4
F1052,B1806,Pulses,979,4.6
F1878,B1969,Sugarcane,366,4.3
F1874,B0205,Wheat,470,4.3
F0790,B1001,Pulses,1342,4.7
F0553,B0731,Sugarcane,312,4.1
F0844,B0257,Rice,1499,3.9
F0659,B0185,Rice,215,4.3
F1881,B0145,Wheat,477,3.6
F1714,B1714,Sugarcane,446,3.4
F1851,B1038,Rice,1289,4.2
F0837,B0246,Barley,845,3.5
F1019,B0187,Pulses,156,3.2
F1954,B1361,Cotton,147,3.0
F1191,B1283,Sugarcane,1303,4.2
F1659,B0866,Millets,1330,3.7
F1610,B0040,Wheat,92,4.5
F0751,B0601,Sugarcane,291,3.8
F0249,B1661,Maize,144,4.0
F0775,B0962,Maize,237,3.8
F0764,B1442,Rice,434,4.3
F1381,B0986,Millets,868,3.7
F1135,B1375,Maize,1473,4.9
F0692,B0009,Wheat,1240,4.9
F1724,B0350,Millets,1198,4.7
F0820,B0084,Rice,136,4.8
F0719,B0533,Wheat,538,3.9
F0234,B0989,Pulses,275,4.1
F0024,B1817,Wheat,394,4.5
F1050,B0358,Maize,567,4.4
F1405,B0378,Pulses,1104,4.8
F1754,B0172,Maize,345,4.4
F1006,B1049,Wheat,463,5.0
F1370,B0393,Maize,184,3.7
F1402,B1127,Millets,574,4.7
F0522,B0702,Maize,1058,4.4
F0017,B1260,Maize,53,4.4
F0245,B1434,Sugarcane,227,3.7
F0718,B1849,Pulses,795,4.6
F0770,B0549,Millets,308,4.8
F1648,B0784,Pulses,701,3.4
F0717,B1829,Barley,1138,4.3
F1563,B0332,Pulses,1436,3.8
F1993,B1688,Barley,1090,5.0
F1607,B0794,Wheat,1273,4.0
F1712,B1556,Barley,593,3.5
F1226,B0649,Barley,1285,3.8
F1272,B0983,Cotton,484,4.3
F0118,B1895,Wheat,1346,3.2
F0009,B1053,Pulses,339,4.2
F0598,B0543,Rice,852,4.9
F0023,B1043,Maize,532,4.7
F1991,B1172,Maize,283,3.1
F0240,B1495,Cotton,457,5.0
F1609,B0491,Rice,743,4.4
F0027,B0283,Sugarcane,1219,3.3
F0984,B0862,Barley,611,3.0
F1885,B1877,Millets,479,3.3
F1105,B1836,Wheat,481,4.7
F1620,B1699,Sugarcane,546,3.0
F0199,B0113,Rice,1032,3.5
F1579,B1479,Cotton,1162,4.5
F0775,B1686,Rice,1046,4.2
F0092,B1354,Cotton,1484,4.6
F0851,B1279,Sugarcane,946,4.5
F1983,B1623,Sugarcane,876,3.1
F1108,B1423,Millets,1314,4.8
F0300,B0862,Rice,827,3.5
F1959,B0610,Rice,272,4.1
F0296,B1933,Barley,517,4.3
F0647,B0508,Maize,618,3.3
F1478,B1668,Cotton,1395,5.0
F1305,B0466,Maize,424,4.0
F1001,B0824,Wheat,1185,3.1
F1083,B1431,Wheat,576,4.9
F0909,B0609,Rice,461,4.2
F0871,B1122,Sugarcane,318,4.4
F1366,B0290,Wheat,675,4.1
F0753,B0868,Wheat,1325,4.7
F1489,B1763,Millets,1061,3.1
F1904,B1681,Maize,1447,3.5
F0342,B1180,Millets,499,3.9
F1634,B0782,Maize,851,3.2
F0062,B0162,Barley,1441,4.4
F0776,B0624,Millets,871,3.8
F0625,B1867,Barley,304,3.5
F1453,B1721,Wheat,1341,3.0
F1682,B0717,Rice,175,4.4
F1752,B1121,Maize,1466,4.7
F0256,B1401,Wheat,811,3.8
F0828,B0567,Sugarcane,848,4.1
F1014,B1474,Maize,1407,3.5
F1852,B0994,Wheat,614,4.2
F1898,B1141,Barley,1441,3.0
F1794,B1629,Millets,505,4.0
F1730,B1829,Cotton,1140,4.3
F1371,B1988,Maize,1139,4.8
F1550,B1740,Cotton,961,3.8
F1328,B1818,Maize,911,4.5
F0615,B1530,Maize,666,4.2
F0245,B1213,Millets,449,4.9
F0757,B1500,Barley,336,3.8
F0824,B1347,Pulses,235,3.6
F0780,B0596,Pulses,333,4.8
F1760,B1994,Cotton,699,3.1
F0732,B1204,Rice,740,3.3
F1847,B1810,Wheat,286,3.2
F1436,B1205,Rice,1091,4.7
F0878,B0959,Rice,864,3.0
F1241,B1717,Pulses,977,4.7
F0516,B1013,Wheat,463,3.9
F0474,B1819,Pulses,58,3.0
F0036,B1311,Millets,469,3.8
F1202,B0475,Millets,78,3.4
F1411,B0618,Pulses,397,4.2
F1793,B0641,Barley,710,4.4
F1041,B0262,Pulses,625,4.0
F1735,B1547,Sugarcane,499,3.1
F0830,B0162,Rice,429,4.3
F1072,B1511,Barley,748,4.7
F1086,B1983,Barley,415,4.4
F1093,B0181,Rice,1300,4.7
F1683,B0725,Barley,1191,3.4
F1895,B0469,Rice,461,4.8
F0366,B1810,Sugarcane,1000,3.6
F1186,B0021,Maize,405,3.0
F1763,B1299,Barley,303,4.7
F0945,B0260,Cotton,776,4.9
F0976,B1357,Cotton,730,4.3
F1512,B0466,Sugarcane,1154,3.5
F0431,B1140,Rice,1119,3.5
F0859,B1437,Cotton,1122,3.9
F1513,B0537,Sugarcane,859,4.8
F0230,B0952,Pulses,1480,3.3
F0370,B1869,Wheat,1356,4.7
F0178,B0766,Cotton,522,3.6
F1881,B0959,Millets,465,4.6
F1434,B1947,Wheat,1028,4.8
F0568,B1980,Millets,649,3.9
F1614,B1747,Rice,1194,3.7
F1294,B1841,Cotton,1076,4.6
F1230,B1857,Sugarcane,1389,4.1
F0793,B0934,Maize,509,4.4
F1764,B0851,Cotton,1300,4.2
F0900,B1972,Cotton,128,3.3
F1775,B1281,Cotton,824,4.7
F0975,B1192,Cotton,1144,3.4
F1824,B1873,Millets,945,4.9
F0082,B0533,Sugarcane,1270,3.5
F0846,B1622,Sugarcane,107,4.5
F0762,B0015,Millets,1497,3.6
F1217,B0050,Maize,673,3.6
F0618,B0999,Sugarcane,97,3.6
F1213,B0304,Sugarcane,1258,4.5
F1300,B1511,Rice,888,4.1
F1098,B0416,Barley,214,4.8
F1034,B0305,Rice,1404,3.6
F1659,B0196,Barley,379,4.4
F0216,B1900,Wheat,1194,4.5
F0290,B0813,Maize,262,3.3
F0445,B0800,Barley,556,3.8
F0923,B0388,Rice,965,4.0
F0552,B0757,Maize,850,3.7
F0193,B1985,Maize,217,3.6
F1663,B1889,Cotton,1044,4.4
F0289,B0455,Pulses,879,3.4
F1988,B0713,Pulses,1045,4.4
F0583,B0705,Pulses,1036,4.9
F1673,B0848,Maize,836,4.1
F1168,B1682,Cotton,476,4.2
F1413,B1334,Wheat,1294,3.1
F1890,B1151,Wheat,1065,4.7
F1916,B0175,Pulses,1083,3.6
F1431,B1158,Wheat,1193,4.2
F1835,B1090,Cotton,1320,5.0
F1394,B1417,Pulses,1433,4.2
F0857,B1988,Barley,1294,4.4
F1465,B1389,Barley,822,3.9
F1971,B0279,Cotton,1131,3.1
F0781,B0758,Millets,1201,4.6
F0896,B0363,Wheat,766,3.1
F0920,B1773,Pulses,135,4.4
F1675,B0171,Barley,153,3.0
F0564,B1075,Cotton,192,4.7
F1553,B1352,Sugarcane,254,3.3
F1701,B1895,Barley,690,4.0
F0013,B0665,Sugarcane,1111,4.2
F1726,B0592,Cotton,1436,3.9
F0987,B0931,Cotton,1382,3.7
F0340,B1169,Rice,1125,3.9
F0865,B0274,Barley,50,3.6
F1898,B1179,Rice,60,3.9
F1888,B1935,Maize,796,3.7
F1800,B0508,Barley,1287,4.1
F0312,B1873,Pulses,1005,3.5
F0733,B0363,Maize,804,5.0
F1128,B1349,Maize,567,4.0
F0339,B0848,Wheat,1488,3.4
F1222,B0655,Sugarcane,1081,4.0
F0300,B0298,Wheat,54,4.7
F1468,B0494,Pulses,1435,3.0
F0359,B0546,Cotton,743,4.4
F1392,B0304,Rice,161,4.1
F0169,B1491,Pulses,1053,3.3
F1173,B0904,Cotton,322,4.6
F0761,B0239,Pulses,471,3.7
F0768,B0650,Cotton,314,3.6
F0982,B1790,Barley,261,4.7
F0042,B1541,Rice,1151,4.3
F0202,B0884,Cotton,831,4.8
F0970,B1200,Maize,715,4.3
F1268,B1909,Pulses,1294,4.5
F1693,B0410,Rice,418,4.7
F0464,B0726,Cotton,1007,3.1
F0449,B1388,Maize,396,4.6
F0913,B1047,Maize,74,4.2
F0798,B0318,Barley,1025,3.1
F0794,B0525,Sugarcane,1493,4.0
F0437,B0905,Maize,1427,3.2
F1917,B1777,Wheat,466,4.5
F1774,B1300,Rice,564,4.1
F0531,B1024,Rice,264,4.9
F0565,B1628,Millets,1185,3.4
F1621,B0620,Rice,1003,4.2
F1297,B0953,Cotton,963,3.4
F1454,B1253,Pulses,477,4.2
F0872,B1688,Cotton,782,4.4
F0213,B1132,Wheat,748,4.4
F0949,B0801,Millets,265,4.6
F1897,B0916,Pulses,462,4.7
F1128,B1980,Barley,429,3.2
F0192,B1200,Maize,281,3.7
F1965,B0320,Millets,884,4.4
F1713,B1310,Cotton,307,4.0
F1683,B0876,Pulses,1329,3.4
F1404,B0329,Maize,452,4.1
F1991,B1901,Pulses,473,3.8
F1105,B0753,Maize,819,3.8
F0705,B0657,Pulses,114,4.6
F0549,B1380,Cotton,239,3.8
F1401,B1038,Millets,999,3.1
F1862,B1299,Cotton,222,3.1
F0154,B0071,Wheat,808,4.7
F1666,B0827,Barley,677,4.9
F0571,B1219,Barley,610,4.4
F1760,B0865,Sugarcane,1300,3.7
F1785,B1836,Rice,1050,4.9
F0240,B0928,Cotton,1461,4.3
F0374,B1903,Cotton,450,4.7
F1925,B1547,Maize,687,4.5
F0805,B0106,Sugarcane,998,3.8
F0799,B0770,Barley,262,4.0
F1228,B0893,Cotton,102,3.4
F0611,B0196,Pulses,673,3.6
F1374,B0145,Barley,801,4.6
F0688,B1756,Sugarcane,711,4.8
F0774,B1374,Rice,188,4.4
F1807,B1448,Pulses,467,3.9
F0143,B0471,Maize,192,3.2
F1213,B1710,Wheat,558,3.1
F0272,B0216,Pulses,699,3.7
F1556,B1117,Millets,535,3.9
F1869,B0260,Barley,1041,4.2
F1324,B0934,Millets,592,3.0
F0426,B0575,Rice,342,5.0
F0046,B1565,Pulses,1357,3.7
F0095,B1811,Sugarcane,720,4.7
F1954,B1883,Sugarcane,887,4.1
F0064,B0285,Rice,1087,3.3
F0413,B0484,Barley,683,4.6
F1667,B1955,Sugarcane,321,4.4
F1033,B0372,Pulses,1098,4.1
F0459,B0070,Wheat,371,4.0
F1739,B0379,Pulses,855,3.2
F1433,B1303,Wheat,1176,4.3
F0470,B1767,Sugarcane,932,4.8
F0810,B0302,Pulses,1113,3.2
F0506,B0255,Sugarcane,284,3.5
F1710,B1708,Barley,881,4.8
F1097,B0944,Wheat,1162,3.6
F0084,B0692,Barley,1173,4.3
F0059,B1288,Sugarcane,193,4.1
F1045,B1719,Cotton,1155,4.2
F1482,B0834,Maize,638,3.8
F0918,B0717,Pulses,278,3.6
F0157,B0424,Cotton,1468,3.1
F1855,B1785,Barley,1270,4.5
F1353,B0213,Millets,323,4.5
F1597,B1695,Sugarcane,639,4.3
F0576,B1968,Sugarcane,702,4.3
F0837,B0100,Maize,632,3.5
F0680,B1853,Sugarcane,1017,3.0
F0203,B1136,Maize,421,4.6
F1665,B0308,Pulses,1153,4.0
F1781,B0678,Wheat,1308,3.6
F1130,B0475,Maize,1360,3.2
F1857,B1572,Maize,868,3.1
F1146,B0112,Cotton,621,3.7
F0318,B1111,Sugarcane,594,4.6
F1206,B0183,Pulses,176,4.8
F1639,B0597,Wheat,782,4.8
F1340,B1805,Rice,466,4.8
F1838,B0165,Barley,687,4.8
F1797,B0815,Maize,90,4.1
F1649,B0090,Rice,836,3.4
F0406,B0455,Sugarcane,346,4.6
F0986,B0238,Barley,91,3.4
F0949,B0534,Maize,681,3.5
F1094,B1703,Millets,1352,3.5
F1184,B0727,Millets,82,4.0
F1264,B0058,Rice,1349,3.6
F1547,B0542,Cotton,714,3.3
F1162,B1938,Rice,1163,3.9
F0495,B1022,Barley,665,4.7
F0679,B0618,Cotton,997,4.1
F1271,B0402,Barley,209,4.8
F1890,B1006,Wheat,507,3.4
F1567,B0842,Sugarcane,448,3.3
F1548,B1703,Millets,1164,4.2
F1267,B1886,Pulses,630,3.9
F1644,B1690,Rice,269,4.3
F1360,B0839,Maize,1492,4.6
F1446,B0519,Barley,428,4.5
F0835,B0197,Barley,979,4.9
F0194,B1857,Sugarcane,1013,3.8
F0308,B0046,Rice,1219,3.4
F1669,B0530,Maize,282,4.1
F1931,B1421,Maize,1444,3.2
F0506,B1689,Barley,971,3.6
F0281,B1000,Pulses,283,3.4
F1827,B0776,Barley,775,3.8
F0675,B0074,Pulses,416,3.2
F1814,B1440,Barley,530,3.1
F0933,B1681,Barley,1436,4.3
F1463,B1638,Maize,639,4.2
F0715,B0335,Pulses,1168,4.4
F0608,B1871,Maize,265,4.3
F0483,B0633,Rice,774,3.2
F1247,B0688,Barley,761,3.6
F1773,B0575,Wheat,1034,3.3
F0117,B0296,Pulses,1208,4.7
F0968,B1108,Cotton,1156,4.5
F0192,B1039,Millets,440,3.4
F0788,B1891,Cotton,1120,3.7
F0618,B1158,Cotton,441,4.9
F0516,B0478,Wheat,767,4.2
F1554,B0633,Maize,434,4.6
F0307,B0319,Maize,430,3.5
F1988,B1416,Millets,1150,3.4
F0532,B0479,Millets,1332,4.6
F0122,B1664,Sugarcane,653,4.4
F0649,B0368,Millets,983,4.4
F0592,B0367,Cotton,448,4.1
F1178,B1312,Cotton,149,4.1
F0870,B1837,Maize,432,4.5
F1561,B0378,Cotton,756,3.5
F1476,B1716,Maize,1265,3.7
F1193,B0463,Barley,1418,4.7
F0059,B1618,Barley,59,3.6
F0301,B0013,Maize,313,4.1
F0553,B0536,Pulses,1341,4.4
F1574,B1192,Maize,881,5.0
F1141,B0270,Rice,679,3.9
F1811,B1995,Rice,811,3.9
F1806,B1094,Rice,244,4.7
F1151,B1342,Rice,611,4.6
F1429,B0376,Wheat,1480,4.5
F0399,B1113,Sugarcane,1369,3.9
F0515,B1725,Sugarcane,146,3.6
F0805,B0257,Maize,511,4.2
F1909,B0217,Barley,807,4.8
F0498,B0450,Cotton,136,4.8
F0942,B0894,Rice,1040,3.2
F0528,B1568,Sugarcane,126,3.9
F0398,B1165,Sugarcane,1219,3.9
F1289,B1185,Rice,710,5.0
F1775,B0032,Barley,1184,4.4
F1287,B1848,Wheat,814,3.8
F1422,B1176,Wheat,727,3.1
F1670,B1883,Millets,1370,4.1
F1749,B1284,Sugarcane,1499,3.2
F1551,B1752,Millets,840,4.7
F0436,B1303,Wheat,1407,4.5
F0840,B1309,Pulses,632,3.9
F1954,B0610,Rice,720,3.9
F0360,B0917,Barley,587,4.8
F1153,B0542,Sugarcane,1235,3.6
F0864,B1626,Rice,479,3.5
F0634,B0148,Wheat,1142,4.9
F1265,B0656,Rice,182,4.6
F1651,B0067,Wheat,238,4.6
F1733,B1969,Barley,622,3.4
F1246,B1893,Wheat,328,3.3
F0214,B0570,Rice,591,3.1
F0916,B1964,Barley,1234,3.5
F0592,B1817,Wheat,795,4.5
F1799,B1303,Millets,948,3.5
F0135,B0748,Pulses,502,4.5
F1842,B0443,Maize,938,3.5
F0754,B0897,Rice,900,3.8
F0386,B1889,Maize,219,5.0
F1327,B0399,Rice,879,3.5
F1806,B1152,Wheat,747,3.8
F1311,B1361,Wheat,1130,3.6
F1586,B0482,Barley,1313,3.2
F1213,B1745,Sugarcane,818,4.0
F1321,B0948,Pulses,407,3.8
F1550,B0186,Millets,250,4.4
F0389,B0169,Sugarcane,493,4.6
F1483,B1708,Maize,876,4.1
F0744,B1284,Wheat,1375,3.1
F1285,B1741,Sugarcane,1179,4.2
F0704,B1988,Wheat,150,3.1
F0925,B1671,Rice,1170,4.2
F1739,B1582,Sugarcane,987,4.4
F0773,B0507,Maize,78,3.4
F1137,B0521,Barley,714,4.6
F1910,B1495,Sugarcane,1452,4.8
F0864,B0161,Wheat,122,4.6
F1060,B1313,Cotton,303,3.6
F0079,B0340,Cotton,565,4.2
F1299,B1924,Barley,798,4.8
F1984,B1857,Barley,1093,3.6
F1302,B1526,Pulses,584,4.6
F0674,B1130,Barley,470,3.0
F0312,B1826,Wheat,495,3.0
F1553,B1499,Millets,928,4.5
F0204,B1877,Rice,185,4.5
F0985,B1624,Sugarcane,1374,4.6
F1976,B1487,Barley,82,4.9
F0017,B1507,Cotton,696,3.2
F1738,B0704,Rice,327,3.5
F0476,B1177,Millets,182,4.8
F1535,B0823,Wheat,799,3.4
F1017,B1673,Rice,175,4.4
F0210,B0785,Wheat,394,4.1
F0499,B1173,Millets,66,3.2
F1426,B1212,Millets,873,3.6
F0429,B1677,Pulses,611,4.0
F1102,B0131,Sugarcane,696,4.7
F1592,B1476,Rice,679,4.4
F1104,B0516,Millets,1451,4.2
F1330,B1515,Sugarcane,867,4.0
F0058,B1500,Rice,109,3.6
F1554,B1287,Wheat,516,3.2
F1232,B1562,Millets,677,3.8
F1535,B1483,Wheat,440,3.1
F1159,B0536,Rice,985,3.4
F1868,B1802,Pulses,734,3.9
F0994,B0741,Wheat,1260,3.8
F0522,B0781,Maize,547,3.1
F0581,B1661,Maize,649,4.2
F1877,B1708,Sugarcane,1434,4.1
F0899,B1770,Barley,498,3.2
F1107,B1319,Maize,729,4.9
F0621,B1939,Maize,1254,3.2
F1068,B1459,Pulses,179,4.7
F1507,B1299,Pulses,198,3.0
F0966,B0588,Barley,867,4.8
F0910,B1332,Cotton,997,3.0
F1668,B0726,Barley,549,4.5
F0493,B0943,Cotton,1428,3.7
F0499,B0997,Pulses,1284,4.5
F1042,B0376,Cotton,707,3.8
F0605,B1182,Pulses,1103,3.1
F0948,B1838,Cotton,626,4.5
F0294,B0204,Wheat,1097,3.1
F2000,B0989,Pulses,1033,4.8
F1172,B0661,Barley,772,3.1
F1496,B0075,Sugarcane,271,4.0
F0172,B1404,Sugarcane,651,4.4
F1587,B0741,Pulses,733,3.8
F0531,B0304,Maize,791,3.4
F1144,B1086,Millets,974,4.5
F1860,B0570,Sugarcane,629,4.6
F1761,B0786,Barley,450,4.8
F0066,B1132,Maize,950,3.8
F0141,B1211,Sugarcane,561,4.0
F0446,B0987,Millets,137,3.7
F1530,B0229,Rice,99,3.5
F0189,B1072,Rice,152,4.5
F0158,B1855,Pulses,417,3.7
F1634,B0268,Millets,985,3.9
F0670,B0727,Barley,1341,3.8
F1971,B0802,Barley,1470,4.4
F0246,B0254,Sugarcane,1393,4.8
F0856,B0957,Wheat,947,4.3
F0944,B0870,Maize,958,3.9
F0748,B0087,Millets,1313,4.6
F1057,B1205,Sugarcane,307,4.3
F1385,B1049,Pulses,439,3.1
F1777,B1982,Millets,1416,3.2
F0330,B1412,Maize,822,3.1
F0512,B0222,Cotton,803,3.9
F0850,B0990,Pulses,1460,4.7
F1811,B0397,Sugarcane,443,3.6
F1095,B0938,Wheat,732,3.8
F1337,B0511,Millets,319,4.8
F1939,B0561,Cotton,198,4.7
F1752,B0846,Pulses,1453,4.3
F0079,B0440,Sugarcane,860,3.5
F0169,B1199,Rice,77,3.2
F0810,B1928,Barley,1222,3.0
F0983,B0311,Sugarcane,1493,3.2
F0180,B1298,Rice,329,3.6
F1652,B0035,Rice,1255,4.1
F0260,B0217,Pulses,215,3.1
F1510,B0721,Sugarcane,66,3.3
F1796,B1696,Barley,1223,3.4
F1029,B1016,Sugarcane,388,4.3
F0297,B1432,Rice,1118,4.2
F0620,B0519,Maize,891,4.1
F0855,B0269,Cotton,238,3.5
F0360,B0638,Wheat,700,3.7
F0117,B0475,Sugarcane,1134,3.2
F0357,B1904,Cotton,343,3.5
F0957,B1349,Cotton,1106,4.8
F1867,B1380,Millets,1372,5.0
F0439,B0090,Maize,464,4.3
F1355,B1066,Cotton,852,4.8
F1549,B1389,Sugarcane,480,4.3
F1678,B1695,Pulses,1173,3.1
F1212,B1226,Pulses,1096,5.0
F1992,B1390,Millets,1493,3.2
F1305,B1818,Cotton,1497,4.4
F1535,B0982,Sugarcane,536,3.5
F1490,B1868,Sugarcane,138,3.8
F1139,B0288,Rice,1282,4.3
F1964,B1627,Maize,320,3.9
F1260,B0481,Barley,949,3.5
F1362,B0637,Wheat,1479,3.7
F0522,B0501,Barley,327,3.7
F0199,B1662,Millets,255,4.9
F1788,B0052,Rice,962,4.6
F1074,B1940,Wheat,377,3.9
F1964,B0103,Barley,907,3.4
F1166,B1385,Sugarcane,926,4.6
F1807,B1448,Pulses,911,3.3
F1552,B0699,Rice,385,3.4
F1538,B1229,Barley,655,3.7
F0670,B1038,Millets,641,4.8
F1054,B1964,Cotton,1111,3.3
F1106,B1640,Millets,1063,3.2
F0031,B1653,Millets,1301,4.0
F1772,B0470,Millets,1207,3.6
F1008,B1490,Cotton,757,4.1
F0333,B1328,Wheat,1027,3.9
F0660,B1629,Sugarcane,1463,3.9
F0177,B0427,Pulses,474,3.2
F0370,B1680,Wheat,636,3.3
F0547,B0110,Barley,855,4.6
F0535,B1699,Barley,769,4.8
F1130,B1589,Pulses,998,3.5
F0097,B1954,Barley,704,3.2
F0230,B0515,Maize,523,3.1
F0227,B0068,Pulses,617,4.2
F0371,B1270,Cotton,1434,4.4
F1124,B0389,Barley,260,3.7
F1469,B1674,Barley,1252,4.4
F1492,B0308,Rice,1131,4.4
F0055,B1949,Rice,1146,4.9
F1219,B1376,Rice,264,3.1
F1544,B1823,Pulses,949,3.4
F0424,B1090,Cotton,1146,3.1
F0315,B0460,Pulses,516,4.7
F1152,B0347,Millets,1344,4.6
F0032,B0325,Sugarcane,403,4.1
F0093,B1957,Cotton,1307,3.2
F0519,B0667,Cotton,1392,3.5
F1282,B1623,Millets,1092,3.6
F0853,B1057,Pulses,674,4.1
F1926,B0068,Pulses,421,3.5
F1244,B0187,Rice,233,3.1
F0752,B0192,Cotton,1350,4.5
F1130,B1237,Rice,723,3.6
F1572,B1624,Sugarcane,804,3.9
F0416,B0428,Maize,1218,3.3
F0557,B1375,Rice,1154,4.6
F1834,B1132,Pulses,371,4.1
F1333,B1264,Barley,484,4.8
F0366,B0216,Wheat,1116,4.0
F1545,B0177,Maize,1386,4.9
F1483,B1589,Sugarcane,342,4.8
F0599,B1354,Barley,737,4.2
F1394,B0561,Pulses,937,4.9
F0331,B0881,Maize,118,3.6
F0689,B0626,Millets,105,3.7
F1666,B1474,Pulses,680,3.1
F1731,B0607,Rice,1277,4.2
F0011,B1471,Barley,469,4.4
F0818,B1561,Pulses,616,4.5
F1531,B1668,Barley,599,3.3
F0419,B0179,Sugarcane,292,3.9
F1146,B0395,Wheat,1274,3.4
F0911,B1169,Rice,797,4.3
F1259,B0876,Rice,576,3.3
F1355,B0962,Barley,126,4.8
F1567,B0198,Sugarcane,489,3.5
F0348,B0969,Sugarcane,1336,3.6
F0958,B1861,Maize,1258,4.7
F0412,B1108,Wheat,1128,3.9
F1248,B0669,Pulses,1381,3.0
F0153,B1109,Maize,565,4.0
F1236,B0457,Pulses,1372,3.2
F0092,B1500,Pulses,1303,5.0
F1945,B1277,Pulses,1450,4.2
F0331,B1911,Maize,1359,3.5
F1491,B0072,Rice,1211,4.1
F1884,B0223,Sugarcane,664,3.2
F1665,B0276,Rice,1080,4.6
F0955,B1819,Wheat,725,4.9
F1733,B1800,Maize,1492,4.7
F0970,B1270,Millets,469,3.7
F0554,B1365,Wheat,325,3.7
F1902,B0573,Sugarcane,657,3.1
F0930,B0924,Sugarcane,620,4.3
F1252,B0471,Cotton,139,4.1
F0194,B0454,Wheat,331,3.9
F0530,B1795,Millets,1244,4.8
F0845,B1989,Rice,687,3.3
F1267,B0969,Barley,860,3.0
F1413,B0007,Millets,1428,3.1
F1300,B0188,Wheat,1277,3.4
F1474,B0004,Maize,1362,3.1
F0639,B1767,Sugarcane,917,4.0
F1611,B1669,Sugarcane,511,3.6
F1598,B0907,Wheat,799,3.4
F0478,B1149,Millets,1246,4.5
F0480,B1039,Wheat,350,3.4
F0288,B0960,Pulses,649,4.4
F0698,B0525,Wheat,578,3.7
F1714,B0630,Pulses,189,4.0
F1702,B1264,Millets,327,4.9
F0695,B0775,Maize,712,3.1
F0540,B0360,Maize,560,4.0
F0330,B0518,Rice,1419,4.7
F0470,B1976,Wheat,1213,4.2
F1783,B1344,Millets,163,3.6
F0849,B1255,Millets,629,3.8
F0534,B1970,Rice,1439,4.4
F1963,B1054,Barley,740,4.8
F0467,B1558,Millets,686,3.1
F0977,B0921,Cotton,1470,3.1
F0420,B1180,Maize,872,3.7
F1632,B1654,Sugarcane,924,3.5
F1146,B0852,Pulses,989,3.5
F0762,B0935,Cotton,991,3.4
F1006,B1987,Sugarcane,1184,3.4
F0891,B0901,Cotton,407,3.3
F0308,B1729,Rice,1311,4.9
F1956,B0399,Rice,52,3.3
F0924,B1370,Pulses,453,3.4
F0334,B1219,Maize,74,3.5
F0954,B0168,Barley,558,4.9
F1444,B0377,Millets,745,4.5
F1350,B1513,Pulses,110,4.6
F1022,B1775,Barley,172,3.2
F1673,B1386,Sugarcane,104,4.7
F0789,B1506,Millets,1236,3.8
F0832,B1268,Cotton,1023,3.5
F0844,B1605,Pulses,1112,4.2
F1597,B0607,Barley,1156,4.6
F0250,B1011,Wheat,595,4.6
F1119,B0589,Wheat,162,4.8
F1320,B1195,Maize,474,4.9
F0184,B1537,Barley,967,3.5
F1284,B1430,Pulses,279,3.8
F0799,B1598,Sugarcane,1356,3.0
F1691,B1231,Wheat,966,4.8
F0186,B1178,Maize,1360,3.3
F1433,B1810,Pulses,204,4.7
F1093,B0048,Maize,214,3.7
F0838,B1673,Sugarcane,1011,3.7
F1797,B1025,Wheat,1255,3.1
F0627,B1771,Millets,1312,3.7
F0859,B1929,Wheat,698,4.8
F0008,B1792,Wheat,1412,3.1
F1289,B1431,Barley,987,3.8
F0783,B1131,Rice,561,3.1
F1508,B0173,Barley,981,3.7
F1785,B0506,Wheat,315,3.3
F1641,B1154,Cotton,236,3.5
F0775,B0398,Rice,1113,4.8
F1760,B0294,Millets,440,3.9
F1864,B0552,Pulses,1333,3.5
F1007,B1471,Barley,704,4.2
F1395,B0850,Rice,225,3.3
F1807,B1040,Rice,823,3.5
F0677,B1663,Barley,813,4.1
F1107,B0885,Barley,1402,3.5
F1831,B1373,Rice,980,4.4
F1670,B1004,Maize,1273,4.0
F0211,B1227,Millets,760,4.5
F1337,B0134,Cotton,1269,4.9
F1628,B0771,Sugarcane,875,3.2
F1361,B1550,Wheat,638,3.7
F0490,B0508,Millets,580,3.6
F1427,B1090,Barley,1135,3.3
F0639,B0480,Rice,1400,4.6
F0191,B0863,Sugarcane,330,4.5
F0671,B0459,Barley,276,4.0
F0843,B1366,Maize,688,4.1
F0335,B1731,Sugarcane,1131,3.1
F1546,B0626,Rice,970,4.1
F1643,B0159,Millets,526,4.6
F1111,B0161,Pulses,1449,4.1
F0579,B1278,Millets,765,3.5
F0062,B1921,Millets,292,4.3
F0387,B0940,Cotton,416,3.7
F1170,B1551,Sugarcane,985,4.1
F0153,B1573,Barley,887,4.0
F0619,B0155,Rice,1325,3.8
F1684,B0486,Barley,955,4.4
F0698,B0432,Rice,1395,4.8
F1373,B1051,Wheat,425,3.0
F1878,B1004,Pulses,1482,4.9
F0178,B1036,Wheat,760,4.0
F1913,B0067,Millets,392,4.4
F0847,B0542,Pulses,289,4.7
F0487,B0096,Cotton,188,3.9
F1802,B0215,Wheat,1195,4.7
F1685,B0194,Cotton,469,3.4
F1271,B1671,Barley,353,3.3
F1278,B1314,Millets,164,4.3
F0500,B1568,Maize,392,4.7
F0541,B0885,Maize,1324,4.8
F1376,B0039,Pulses,56,4.3
F1536,B1888,Pulses,780,4.1
F1802,B0939,Wheat,228,3.7
F0013,B0939,Maize,1218,5.0
F1583,B0206,Sugarcane,465,3.6
F0151,B1923,Sugarcane,715,4.5
F1074,B0942,Barley,1194,4.1
F1239,B1952,Sugarcane,1197,4.2
F0991,B0555,Barley,199,3.8
F0644,B0484,Maize,446,4.9
F0372,B1361,Sugarcane,430,4.1
F1137,B1520,Cotton,888,4.9
F0252,B0771,Rice,50,3.0
F1987,B0249,Pulses,293,4.1
F1365,B1098,Millets,1471,4.4
F0053,B0373,Wheat,1324,4.5
F1154,B1855,Barley,928,4.8
F1860,B0879,Cotton,1372,3.0
F0193,B1832,Sugarcane,809,3.0
F0591,B1810,Millets,1003,3.9
F1081,B0835,Millets,1370,3.1
F0097,B0871,Rice,1026,4.9
F0198,B0702,Wheat,1188,3.4
F1671,B0138,Cotton,50,3.9
F0147,B0948,Wheat,602,3.1
F1708,B0457,Barley,531,4.0
F1599,B0814,Barley,649,3.8
F1601,B0823,Pulses,812,3.1
F1319,B0942,Maize,384,3.7
F0723,B1867,Barley,514,3.8
F1645,B0444,Sugarcane,1214,5.0
F1818,B0353,Millets,632,3.4
F0684,B0996,Cotton,186,4.1
F1036,B0794,Cotton,1053,5.0
F1942,B0411,Rice,999,4.6
F0333,B0678,Millets,736,5.0
F1244,B1814,Rice,216,4.9
F1422,B1562,Rice,1416,4.0
F1366,B0453,Millets,1483,4.4
F1822,B0419,Wheat,959,3.2
F0512,B0450,Sugarcane,929,3.9
F0172,B0995,Wheat,891,4.6
F1492,B1609,Sugarcane,114,4.0
F1772,B1139,Cotton,1140,4.4
F1190,B0051,Barley,482,4.5
F1723,B1393,Barley,1123,3.5
F1194,B1938,Wheat,1387,4.8
F0564,B1707,Wheat,1382,3.9
F0512,B1804,Wheat,164,3.4
F1855,B1539,Maize,618,4.7
F1213,B0210,Pulses,1415,3.8
F1144,B0888,Millets,691,4.5
F0105,B0998,Sugarcane,544,4.1
F0674,B1927,Barley,1342,3.8
F0807,B0993,Sugarcane,990,4.6
F1065,B1926,Wheat,1153,4.2
F0889,B0850,Maize,1372,3.8
F0876,B1837,Wheat,1017,3.2
F0677,B1919,Sugarcane,871,4.8
F0321,B1878,Pulses,251,3.1
F1910,B0627,Barley,698,4.7
F0335,B0679,Pulses,609,3.7
F1184,B1459,Millets,1091,4.3
F0264,B0777,Cotton,527,4.8
F0865,B1251,Maize,537,3.3
F1554,B0663,Pulses,1032,4.1
F1709,B0268,Maize,828,4.5
F1501,B0116,Wheat,389,4.5
F0352,B1624,Cotton,661,4.1
F1569,B1854,Sugarcane,165,4.2
F1797,B0754,Pulses,123,4.5
F1234,B1384,Pulses,1342,4.7
F1520,B1353,Rice,165,4.5
F1919,B1869,Barley,1237,3.7
F1866,B1064,Sugarcane,1295,5.0
F1406,B0182,Pulses,175,3.9
F0676,B1514,Pulses,706,3.0
F1505,B1233,Sugarcane,1249,3.7
F0919,B0903,Cotton,713,3.3
F1960,B1297,Maize,1448,3.2
F0005,B1143,Sugarcane,1040,3.6
F0034,B1406,Maize,1067,3.1
F1816,B0946,Cotton,908,4.4
F1169,B1560,Cotton,134,3.1
F0351,B0258,Millets,1456,3.4
F0583,B1507,Wheat,682,3.2
F0465,B0509,Rice,500,3.1
F0348,B0092,Cotton,567,3.5
F1766,B1185,Millets,895,4.1
F0125,B0149,Millets,744,4.9
F1814,B0117,Millets,599,4.8
F1295,B0458,Cotton,978,4.8
F0357,B0565,Maize,165,3.4
F0527,B0814,Cotton,1081,3.5
F1778,B0045,Sugarcane,1291,3.2
F0498,B1801,Wheat,453,4.6
F1177,B0774,Wheat,353,3.1
F0053,B1843,Sugarcane,789,4.1
F0149,B0234,Pulses,137,3.5
F0503,B1399,Cotton,1083,3.5
F0870,B1571,Barley,357,5.0
F1474,B1874,Rice,483,4.5
F0219,B1973,Millets,851,4.7
F1649,B1939,Cotton,213,4.1
F1824,B0197,Wheat,1312,4.7
F1301,B0025,Rice,1390,4.3
F0452,B0395,Barley,1045,4.9
F1452,B0714,Pulses,705,3.6
F0083,B1809,Maize,1408,4.2
F1986,B1060,Maize,67,4.4
F1242,B1498,Barley,1144,3.8
F0738,B0223,Cotton,1248,4.8
F1806,B0864,Cotton,860,5.0
F0527,B1813,Rice,388,4.0
F0404,B0530,Rice,297,3.8
F0290,B1212,Pulses,1266,3.9
F0420,B1426,Cotton,1492,4.7
F0339,B0257,Wheat,1398,4.3
F0777,B0654,Maize,355,3.1
F0711,B1160,Pulses,253,4.1
F1694,B1986,Millets,902,3.0
F1869,B1843,Rice,1196,4.6
F0987,B0591,Millets,496,3.7
F0959,B0444,Wheat,762,3.9
F1443,B0418,Cotton,482,4.6
F1933,B1316,Sugarcane,1201,3.1
F1231,B0574,Rice,871,3.3
F0686,B0129,Pulses,1120,3.8
F1720,B1011,Sugarcane,554,3.5
F1289,B0341,Wheat,164,3.7
F1782,B0810,Millets,1489,5.0
F1060,B1281,Barley,1044,4.7
F0373,B0992,Maize,272,4.8
F1512,B1748,Barley,685,4.9
F1283,B1590,Barley,721,3.7
F0994,B1711,Barley,1007,3.6
F0531,B0100,Wheat,982,3.5
F0924,B0039,Maize,145,4.7
F0023,B1950,Wheat,156,4.4
F0104,B0263,Barley,681,3.5
F0241,B0150,Rice,747,3.8
F1005,B1657,Barley,81,4.0
F0903,B0690,Rice,115,4.1
F1897,B0813,Pulses,1252,4.8
F1740,B1354,Barley,828,3.8
F1277,B1144,Sugarcane,965,4.8
F1166,B1608,Wheat,598,3.9
F0814,B0219,Barley,250,4.5
F0655,B0906,Wheat,98,4.9
F1475,B1934,Millets,836,4.8
F0783,B1838,Barley,1000,3.1
F0307,B1147,Sugarcane,312,3.4
F1524,B0244,Barley,1206,4.0
F1646,B0886,Cotton,393,3.9
F0008,B0587,Pulses,1249,4.3
F1093,B0518,Millets,1464,4.9
F1726,B1045,Wheat,60,3.2
F1715,B0190,Millets,250,3.9
F0575,B1249,Pulses,994,3.4
F1092,B0915,Wheat,975,4.8
F1742,B0615,Wheat,52,4.9
F0912,B0856,Cotton,1287,4.0
F1432,B0466,Barley,857,3.2
F0518,B0099,Rice,1380,4.6
F1143,B0830,Pulses,609,4.4
F1849,B1387,Sugarcane,1400,3.7
F1055,B0997,Pulses,248,4.8
F1542,B1107,Barley,158,5.0
F0483,B1717,Cotton,1364,4.1
F0207,B1688,Maize,157,4.1
F0669,B0056,Millets,1481,3.6
F0579,B1726,Maize,601,4.2
F1995,B1954,Cotton,1022,3.9
F0387,B1046,Millets,101,3.6
F0412,B0580,Barley,161,3.1
F1866,B0185,Cotton,344,3.5
F1394,B0522,Rice,1262,3.4
F1377,B1602,Pulses,114,4.1
F1968,B0264,Barley,623,4.2
F1360,B1249,Millets,514,4.2
F0891,B1659,Pulses,307,3.8
F0906,B1062,Maize,1053,3.8
F1313,B1003,Barley,683,4.7
F0963,B0123,Sugarcane,1404,4.0
F0965,B1854,Pulses,259,5.0
F0140,B1180,Wheat,138,3.9
F1977,B1930,Millets,77,4.3
F0300,B0301,Wheat,287,3.1
F1037,B0833,Rice,385,4.3
F0664,B1091,Millets,112,4.7
F1452,B1929,Barley,549,4.9
F0825,B0645,Millets,840,5.0
F1888,B0874,Rice,641,3.6
F0400,B0394,Millets,1124,4.2
F0992,B1676,Barley,1185,3.9
F1133,B1618,Maize,350,4.1
F1509,B1594,Sugarcane,1163,3.3
F1912,B0661,Sugarcane,278,4.7
F1380,B1429,Cotton,199,4.8
F0149,B1473,Rice,1211,3.9
F1903,B1155,Barley,1208,3.6
F1740,B0069,Pulses,576,3.3
F0307,B1369,Wheat,382,4.4
F1557,B0762,Pulses,1435,3.6
F1084,B0320,Wheat,223,4.8
F0435,B0177,Maize,1286,4.3
F0021,B0584,Wheat,1416,4.3
F0875,B1553,Pulses,110,4.1
F0382,B1865,Millets,1134,3.1
F0245,B1184,Pulses,868,4.9
F1926,B0582,Sugarcane,573,4.3
F1097,B1649,Barley,265,5.0
F1473,B1768,Sugarcane,673,4.1
F1100,B1557,Rice,627,4.4
F0698,B1159,Millets,743,3.1
F0590,B1799,Pulses,472,4.3
F0390,B0111,Millets,765,4.5
F1601,B0999,Millets,1496,4.6
F1366,B0758,Barley,1444,4.5
F1314,B0283,Maize,1279,3.5
F0568,B1544,Wheat,1359,5.0
F1355,B1993,Rice,1178,5.0
F0259,B1820,Cotton,803,3.2
F0426,B1743,Millets,796,4.9
F1726,B0194,Cotton,737,3.6
F1030,B0967,Barley,772,4.4
F0006,B1071,Wheat,796,3.7
F0191,B0978,Wheat,291,4.9
F0148,B0342,Barley,714,3.2
F0405,B1266,Wheat,757,4.0
F0258,B0522,Sugarcane,484,3.9
F0730,B1394,Wheat,830,3.7
F1503,B0801,Cotton,533,4.3
F0090,B0903,Wheat,433,3.3
F0824,B0131,Pulses,219,4.4
F1888,B1294,Barley,1070,5.0
F0010,B1964,Maize,999,4.6
F1111,B0814,Cotton,918,4.7
F1786,B0061,Maize,372,3.7
F0838,B0164,Cotton,897,3.6
F1175,B1549,Millets,1305,4.0
F0988,B0272,Rice,745,3.1
F0625,B1744,Pulses,408,4.9
F0030,B1782,Cotton,1348,3.3
F0128,B0133,Millets,81,4.8
F1102,B1268,Pulses,226,3.2
F0421,B1830,Cotton,966,4.6
F1079,B0998,Maize,114,3.3
F1504,B1458,Maize,76,3.1
F0305,B0038,Barley,317,4.4
F0546,B1895,Cotton,646,3.6
F1129,B1592,Cotton,1061,4.4
F1196,B1343,Sugarcane,115,4.1
F1523,B1534,Pulses,182,3.2
F0022,B1400,Pulses,965,4.9
F1311,B1584,Pulses,1439,3.9
F0391,B0617,Pulses,131,4.5
F0617,B0474,Rice,1031,4.0
F0149,B0059,Rice,1401,4.2
F1296,B0589,Millets,1171,3.6
F1812,B1964,Wheat,634,3.4
F0299,B0499,Cotton,376,4.1
F0172,B1242,Cotton,591,3.9
F0047,B1919,Cotton,1198,3.8
F0626,B0567,Cotton,259,4.3
F1811,B0567,Pulses,182,4.4
F1840,B1153,Pulses,206,3.1
F0207,B0904,Rice,924,3.7
F0453,B0383,Maize,431,3.8
F1419,B1412,Sugarcane,1095,3.2
F1999,B0085,Pulses,1023,3.5
F0925,B1534,Pulses,644,3.1
F0754,B1750,Barley,1492,5.0
F1325,B0627,Pulses,521,4.5
F0708,B1461,Maize,283,3.2
F1009,B0826,Maize,621,3.0
F0676,B0293,Rice,820,4.4
F1200,B1073,Pulses,1235,3.9
F0855,B1091,Millets,350,4.6
F0783,B0787,Barley,355,4.8
F1134,B0129,Sugarcane,51,4.2
F0684,B0029,Cotton,320,3.4
F0963,B1367,Pulses,470,4.6
F0864,B1569,Rice,1216,4.9
F1226,B1143,Rice,749,4.2
F0168,B0692,Millets,913,4.4
F1638,B1961,Sugarcane,1009,3.7
F0086,B1687,Barley,1043,3.8
F1678,B0133,Wheat,1059,4.5
F1983,B1351,Rice,928,4.9
F0849,B1209,Maize,741,4.3
F1749,B1530,Maize,916,4.6
F1075,B0646,Cotton,1110,3.3
F1136,B0689,Rice,156,3.4
F1487,B0534,Barley,1370,4.1
F0442,B1265,Cotton,1170,3.4
F0271,B1613,Rice,330,4.3
F1601,B1740,Sugarcane,1183,3.6
F0344,B0516,Pulses,598,4.6
F1207,B1864,Barley,601,4.6
F0503,B0960,Rice,237,3.9
F1868,B0165,Barley,801,3.4
F1034,B0927,Wheat,919,4.3
F0494,B0933,Barley,1427,5.0
F1258,B1664,Barley,68,4.2
F1322,B0557,Maize,908,3.1
F0244,B1242,Sugarcane,1466,3.0
F1533,B1771,Pulses,1334,3.6
F1375,B1672,Pulses,1034,3.4
F0267,B0680,Maize,459,4.6
F1654,B0993,Barley,1476,4.7
F1680,B1773,Pulses,533,3.5
F0893,B1629,Cotton,1377,3.7
F0201,B1029,Sugarcane,673,3.5
F0239,B1692,Wheat,705,4.8
F1358,B0757,Maize,817,4.0
F0915,B1896,Rice,67,4.3
F1439,B1105,Rice,233,3.8
F0969,B1271,Rice,454,4.3
F0484,B0855,Millets,848,3.8
F1461,B0493,Sugarcane,1204,3.7
F0246,B0649,Wheat,528,4.3
F1882,B1410,Pulses,57,4.2
F1032,B1599,Wheat,754,3.6
F0152,B0992,Wheat,1391,3.3
F1416,B1331,Maize,1464,3.7
F0211,B0628,Sugarcane,1209,3.8
F0367,B0625,Rice,580,4.3
F0944,B0543,Maize,962,4.8
F1694,B0007,Pulses,1440,3.1
F1594,B1950,Wheat,738,3.5
F0086,B0954,Barley,1084,3.4
F1079,B0515,Rice,602,4.0
F1737,B1843,Millets,495,3.9
F1658,B0755,Sugarcane,1187,4.5
F0446,B1592,Cotton,755,3.5
F0620,B0073,Millets,245,4.2
F0304,B0010,Wheat,909,4.8
F0132,B1597,Wheat,1396,4.8
F1445,B0562,Wheat,677,4.9
F0904,B0122,Wheat,1030,4.5
F1409,B0687,Rice,679,4.8
F0988,B0513,Sugarcane,1238,3.5
F1222,B0990,Millets,1325,3.4
F0047,B0441,Maize,93,3.0
F1764,B1062,Rice,538,4.4
F0757,B0702,Sugarcane,230,4.9
F1227,B0591,Millets,1150,3.4
F1285,B1369,Maize,423,4.3
F0690,B1990,Wheat,677,4.5
F1048,B1362,Sugarcane,1006,4.9
F0687,B1985,Wheat,116,4.3
F0786,B1726,Barley,1165,4.9
F0340,B1208,Sugarcane,828,3.7
F0412,B0067,Pulses,700,3.7
F1997,B0017,Cotton,1317,4.1
F1285,B1407,Wheat,390,3.8
F0286,B0368,Wheat,952,3.0
F1537,B0904,Wheat,1377,4.5
F1110,B1340,Pulses,447,4.5
F0850,B1521,Rice,752,4.5
F0430,B1832,Maize,146,3.7
F1605,B0721,Wheat,1404,4.0
F0031,B1369,Wheat,1278,3.7
F1734,B0958,Millets,498,3.0
F0603,B1577,Millets,1491,4.1
F0440,B0908,Rice,126,3.2
F0985,B0989,Rice,945,3.2
F1373,B0473,Cotton,598,4.5
F1919,B0115,Sugarcane,847,3.0
F0412,B0100,Wheat,1498,4.9
F0528,B1909,Sugarcane,864,4.0
F0310,B0438,Barley,1071,5.0
F0949,B1369,Rice,184,3.1
F1420,B0349,Rice,703,4.2
F1812,B0139,Cotton,1327,3.7
F1362,B0828,Maize,1328,4.7
F0674,B0324,Pulses,695,3.7
F0437,B0846,Pulses,769,3.5
F0704,B1326,Pulses,662,4.7
F0663,B0294,Rice,533,3.7
F0365,B1981,Wheat,1119,3.0
F0923,B1553,Millets,697,3.8
F0113,B1858,Cotton,841,4.3
F1809,B0968,Maize,628,3.5
F0176,B1316,Barley,1077,3.9
F1173,B0074,Pulses,50,3.1
F1202,B1799,Cotton,1363,4.2
F0936,B0484,Millets,158,4.5
F0382,B0016,Millets,509,3.8
F1247,B1550,Rice,315,3.8
F1283,B1360,Pulses,1211,3.2
F1809,B0793,Maize,93,3.4
F1213,B1897,Barley,935,3.3
F0306,B0516,Sugarcane,993,4.0
F1402,B0925,Millets,1032,4.1
F0602,B1151,Millets,311,4.9
F0343,B0824,Barley,777,3.1
F1798,B0518,Millets,682,4.2
F0156,B0129,Maize,201,4.1
F0712,B0511,Barley,262,4.0
F1079,B0423,Wheat,1065,4.7
F1790,B0385,Pulses,1307,3.4
F1466,B1907,Pulses,912,3.1
F1709,B0232,Sugarcane,672,4.3
F1224,B0959,Barley,410,3.7
F0403,B0825,Sugarcane,369,3.0
F0614,B1219,Barley,271,3.5
F0797,B0065,Pulses,259,3.6
F1687,B0833,Wheat,1469,4.2
F0623,B0615,Millets,980,3.3
F1952,B1301,Barley,538,3.8
F1802,B1694,Sugarcane,650,4.0
F0603,B1248,Rice,823,3.9
F0177,B0801,Millets,927,4.9
F0449,B1968,Pulses,749,3.1
F0743,B0278,Maize,501,4.9
F1565,B1718,Maize,462,4.2
F1979,B0366,Millets,525,4.6
F0301,B0516,Wheat,305,3.9
F0707,B1239,Rice,1223,3.9
F0307,B0439,Sugarcane,176,4.8
F0751,B0428,Barley,441,4.8
F0869,B0729,Pulses,529,3.5
F1920,B0396,Maize,1042,3.4
F1291,B1233,Maize,1470,4.0
F0214,B1525,Maize,972,4.8
F1618,B1487,Maize,451,3.6
F1664,B0586,Cotton,323,4.3
F0483,B1251,Wheat,894,4.4
F1286,B0375,Sugarcane,188,4.6
F1091,B1524,Pulses,152,4.1
F1598,B0948,Pulses,1315,3.8
F0133,B0093,Pulses,1190,4.9
F1673,B1484,Sugarcane,1287,4.2
F1564,B1601,Wheat,533,4.5
F0512,B0321,Millets,578,3.7
F0211,B1034,Millets,273,4.3
F0988,B0914,Rice,1343,3.5
F0987,B1327,Barley,1207,3.5
F0717,B1346,Millets,163,4.4
F0253,B1841,Barley,693,4.0
F0038,B1480,Wheat,700,4.4
F1067,B1302,Maize,1438,3.5
F0629,B1622,Barley,1305,4.2
F1429,B1562,Maize,507,3.9
F0987,B1754,Wheat,424,4.2
F1726,B1417,Wheat,660,3.6
F0046,B0917,Sugarcane,256,4.4
F1478,B0095,Sugarcane,966,4.6
F1702,B1780,Cotton,370,3.5
F0305,B0959,Pulses,142,3.6
F1739,B1131,Cotton,1481,4.3
F0233,B1414,Pulses,1231,4.4
F0245,B1784,Maize,921,4.4
F1745,B1550,Cotton,148,4.4
F0760,B1697,Cotton,274,3.8
F1319,B0071,Rice,901,3.8
F0839,B0664,Wheat,490,3.5
F1407,B0969,Sugarcane,769,3.3
F0158,B0587,Cotton,634,4.4
F1429,B1400,Sugarcane,1474,3.2
F1025,B0727,Pulses,113,4.9
F0217,B0368,Cotton,817,4.7
F0928,B0051,Pulses,609,4.7
F0507,B1922,Millets,1352,4.8
F0761,B1167,Millets,719,3.8
F0904,B1443,Cotton,1321,4.7
F0581,B1572,Millets,417,3.3
F1054,B1524,Barley,793,3.0
F0627,B1910,Maize,667,4.6
F0520,B0988,Rice,1055,3.1
F1905,B1191,Pulses,1171,5.0
F0275,B1772,Wheat,1341,4.3
F0492,B0260,Wheat,1133,4.5
F0827,B1216,Maize,549,3.5
F0951,B1226,Millets,1381,4.3
F0926,B1798,Maize,1056,3.1
F0847,B1209,Millets,460,4.7
F1060,B0158,Barley,1067,3.3
F1335,B1782,Wheat,1213,4.4
F1068,B1646,Pulses,1401,3.4
F1179,B0099,Wheat,513,3.1
F1101,B0241,Rice,751,4.0
F1614,B1515,Cotton,212,3.3
F1637,B0202,Millets,109,4.5
F1462,B0634,Rice,1104,3.5
F1456,B1533,Barley,382,3.7
F1566,B1653,Barley,125,4.1
F0039,B1120,Millets,366,3.6
F0239,B0746,Millets,1490,3.8
F1037,B0490,Wheat,239,4.6
F0122,B0579,Cotton,1388,3.4
F0144,B1912,Wheat,345,3.2
F0684,B1242,Rice,550,3.7
F0455,B0527,Rice,226,3.8
F0368,B0273,Millets,849,4.1
F0759,B1243,Pulses,855,3.7
F0247,B0786,Pulses,909,4.6
F0923,B1907,Rice,264,3.1
F1069,B1683,Cotton,702,3.9
F0765,B1356,Millets,646,3.8
F0375,B1880,Barley,1405,4.3
F1315,B0453,Pulses,177,4.9
F0207,B1176,Pulses,1342,4.0
F1948,B0347,Sugarcane,600,5.0
F0519,B0816,Sugarcane,1439,3.6
F1982,B0414,Pulses,668,3.1
F0242,B1551,Wheat,397,3.3
F1646,B0431,Cotton,191,3.8
F1138,B0379,Maize,1218,3.6
F0819,B0998,Pulses,841,3.2
F0302,B0895,Sugarcane,294,3.9
F1300,B0428,Cotton,752,3.7
F1120,B1890,Cotton,1363,3.2
F1318,B1947,Sugarcane,1185,3.6
F0701,B1108,Millets,263,4.8
F1384,B0192,Cotton,249,3.6
F0288,B0041,Millets,454,4.4
F0154,B1888,Cotton,470,4.2
F1594,B1860,Sugarcane,56,3.9
F0423,B1797,Rice,641,3.5
F1940,B1333,Pulses,335,3.7
F0850,B1402,Wheat,720,4.2
F0050,B0136,Millets,438,3.7
F1231,B1814,Maize,465,3.4
F0564,B0106,Wheat,833,3.2
F0854,B0519,Rice,1056,4.8
F0883,B1942,Barley,1223,3.9
F0662,B0814,Rice,1064,4.3
F0565,B1566,Cotton,477,4.0
F0213,B0126,Wheat,1054,4.7
F1090,B1381,Millets,1366,4.1
F1256,B0400,Millets,383,4.0
F1909,B0079,Rice,321,4.8
F0811,B0389,Wheat,1116,4.4
F0850,B1603,Rice,368,3.2
F1687,B1559,Maize,576,3.4
F1741,B1725,Rice,809,4.6
F1344,B0074,Wheat,1245,4.7
F1791,B1029,Cotton,370,4.1
F1161,B1943,Wheat,788,4.1
F0881,B1487,Sugarcane,1117,4.3
F1671,B0082,Wheat,503,3.9
F1961,B1561,Maize,795,4.4
F1590,B0776,Pulses,978,3.2
F1089,B0991,Maize,897,4.9
F1538,B1429,Maize,917,4.5
F1156,B1538,Rice,823,4.3
F0334,B0278,Maize,132,3.6
F0032,B0840,Wheat,592,3.3
F0868,B1879,Millets,371,3.8
F0898,B0224,Pulses,835,4.3
F1896,B1608,Millets,1307,4.3
F1522,B1092,Barley,589,3.8
F1267,B1344,Cotton,301,4.2
F1216,B0606,Barley,885,4.6
F1166,B0019,Maize,498,3.1
F1684,B0640,Millets,1312,3.9
F0601,B1367,Wheat,539,4.5
F1585,B1618,Rice,513,4.1
F1672,B1790,Rice,363,4.3
F0988,B1973,Cotton,1248,4.0
F1215,B1757,Cotton,1253,5.0
F1966,B1367,Wheat,434,3.1
F1173,B0097,Cotton,344,4.0
F0599,B1076,Millets,1288,3.2
F1440,B0175,Millets,1035,3.3
F0520,B1362,Cotton,811,3.8
F1759,B1718,Rice,818,3.3
F0869,B1964,Wheat,1148,4.9
F0016,B1377,Pulses,393,4.9
F1832,B1415,Cotton,191,3.7
F1130,B1139,Wheat,767,4.3
F0283,B0348,Maize,1272,4.1
F1128,B0001,Rice,1244,4.6
F0361,B0063,Pulses,455,4.3
F1682,B1784,Millets,277,3.0
F1059,B1767,Rice,460,4.5
F0113,B0226,Rice,1001,4.5
F0308,B0423,Millets,947,4.0
F1935,B1043,Sugarcane,740,4.8
F0959,B0031,Wheat,927,4.8
F1077,B0845,Millets,836,4.0
F1883,B0633,Maize,111,4.2
F1105,B0024,Cotton,1400,5.0
F1640,B0837,Maize,928,3.6
F0834,B0983,Wheat,1206,3.6
F1393,B1235,Millets,1262,3.4
F0242,B1985,Rice,405,4.8
F0031,B0161,Millets,120,4.5
F1853,B1279,Sugarcane,312,3.2
F0704,B1595,Wheat,355,5.0
F0869,B0114,Pulses,607,4.5
F1385,B0504,Pulses,1297,4.7
F0233,B1953,Wheat,1401,3.1
F1634,B1696,Cotton,811,4.0
F1058,B0955,Maize,637,4.4
F1267,B1244,Maize,123,4.1
F0951,B0357,Cotton,191,4.3
F0059,B0169,Sugarcane,151,4.6
F0771,B1548,Rice,1138,3.7
F1553,B0969,Barley,242,4.7
F1102,B0242,Barley,1002,3.3
F0718,B1399,Rice,1135,3.5
F0302,B0139,Pulses,1314,3.1
F1702,B0097,Sugarcane,459,3.7
F0803,B0147,Cotton,349,3.8
F0897,B1206,Barley,1268,4.6
F0112,B1081,Wheat,503,4.3
F1437,B1066,Millets,623,3.9
F1924,B0866,Maize,668,4.3
F0317,B1735,Millets,686,3.1
F1889,B0543,Wheat,350,3.4
F1169,B0692,Maize,828,4.3
F0668,B1026,Wheat,1038,4.3
F0690,B1958,Cotton,251,4.5
F1882,B1312,Cotton,723,3.8
F1672,B1162,Sugarcane,351,4.4
F1954,B1641,Wheat,386,4.4
F1851,B1536,Wheat,81,4.9
F0018,B0904,Sugarcane,1171,3.4
F1375,B0730,Sugarcane,822,4.1
F1979,B1246,Millets,1264,4.2
F1179,B0331,Cotton,1121,5.0
F1808,B0617,Millets,1323,3.4
F1530,B0404,Cotton,1299,4.0
F0778,B0508,Millets,1345,3.7
F0360,B1940,Pulses,714,4.1
F0332,B1151,Wheat,377,3.5
F1942,B1289,Millets,846,3.1
F0528,B1736,Millets,1253,4.1
F0012,B1788,Cotton,863,3.7
F1099,B1039,Barley,714,3.4
F0212,B0226,Cotton,795,3.6
F1715,B0984,Wheat,1096,3.1
F0641,B0865,Sugarcane,979,4.9
F0283,B1129,Wheat,1012,4.2
F1219,B0745,Barley,1443,4.6
F0780,B0493,Rice,1318,3.8
F1054,B0319,Wheat,1233,4.8
F1033,B1243,Rice,422,4.0
F1333,B1301,Millets,334,4.1
F1469,B0773,Wheat,570,4.0
F1334,B1917,Barley,746,4.5
F0677,B1955,Rice,856,4.1
F0705,B1365,Rice,696,3.5
F0426,B0452,Barley,185,3.3
F1841,B1393,Wheat,145,4.2
F1796,B0944,Pulses,1192,4.0
F1728,B0848,Cotton,1447,3.2
F0591,B1017,Maize,323,3.8
F1715,B1498,Cotton,927,4.0
F0091,B1214,Rice,899,4.7
F0456,B0884,Millets,1250,3.2
F0444,B0419,Wheat,833,3.7
F1751,B1734,Wheat,1350,4.6
F0079,B0865,Millets,1211,4.3
F1499,B0789,Wheat,181,3.6
F0927,B1872,Wheat,1117,4.7
F0103,B0495,Pulses,1196,4.0
F0623,B1063,Maize,1209,4.0
F1480,B0162,Sugarcane,1440,5.0
F0990,B0121,Rice,422,4.9
F1338,B1916,Maize,1199,3.7
F1271,B0399,Cotton,857,3.3
F0234,B1286,Sugarcane,793,3.7
F1618,B1986,Sugarcane,100,3.1
F0644,B0728,Millets,1210,3.0
F1259,B1848,Wheat,1231,3.8
F0790,B0561,Maize,105,4.9
F0387,B0604,Millets,793,4.7
F0847,B1153,Cotton,477,4.0
F1635,B1857,Wheat,492,4.1
F1967,B0540,Wheat,375,3.0
F0038,B0356,Barley,689,3.4
F1185,B0660,Barley,878,3.0
F1486,B0432,Barley,129,4.5
F1968,B1864,Pulses,523,3.3
F1473,B1089,Millets,426,4.7
F1141,B1242,Rice,968,4.3
F0241,B0563,Sugarcane,382,3.5
F1050,B1451,Cotton,1248,3.3
F1672,B0817,Sugarcane,490,4.3
F0562,B1945,Maize,175,4.8
F2000,B1098,Rice,268,4.4
F0806,B1484,Wheat,997,3.7
F1930,B1449,Rice,327,4.2
F0298,B0711,Wheat,644,3.6
F0805,B1216,Millets,984,5.0
F0154,B1213,Barley,190,4.5
F0732,B0012,Rice,895,4.2
F1676,B0239,Wheat,1057,3.8
F0468,B1896,Sugarcane,926,4.2
F0049,B1617,Barley,159,3.7
F1678,B0453,Barley,1125,3.1
F0046,B0383,Barley,662,3.8
F1699,B0782,Sugarcane,762,4.9
F1309,B1826,Sugarcane,1392,4.3
F0780,B0048,Sugarcane,1272,3.2
F1652,B0317,Barley,845,4.8
F0082,B0209,Rice,778,3.5
F1068,B1571,Wheat,1119,3.5
F1730,B1143,Sugarcane,554,3.6
F1794,B0577,Rice,1090,4.2
F0955,B0315,Wheat,364,4.1
F0273,B0754,Barley,1461,4.0
F0394,B1060,Rice,126,4.4
F1810,B1487,Barley,1027,3.6
F0790,B1788,Pulses,948,4.6
F0595,B0915,Sugarcane,1444,3.4
F0058,B0755,Maize,1238,4.6
F0565,B0554,Rice,1097,4.3
F0001,B1605,Sugarcane,761,4.4
F0216,B0403,Cotton,1108,4.0
F1341,B1131,Wheat,903,4.3
F1252,B0039,Pulses,1211,3.2
F1497,B0581,Sugarcane,758,4.7
F1508,B0180,Cotton,314,3.1
F0766,B0012,Rice,382,3.3
F0671,B1363,Rice,237,4.2
F1311,B0943,Cotton,1136,4.5
F0511,B1740,Pulses,869,3.2
F1602,B0548,Cotton,1352,4.8
F0915,B1150,Wheat,1244,4.9
F1845,B0063,Rice,348,4.2
F1996,B0844,Cotton,250,4.0
F1482,B1106,Maize,1208,4.5
F0095,B1009,Maize,321,3.7
F0493,B1843,Cotton,584,4.0
F0765,B1323,Wheat,1160,4.8
F1022,B0034,Rice,80,4.9
F0150,B0752,Maize,1194,4.9
F1047,B1633,Cotton,118,3.5
F0756,B0049,Barley,932,3.5
F1239,B0658,Cotton,1010,3.6
F0399,B1661,Sugarcane,876,3.9
F0410,B0701,Cotton,973,3.6
F0131,B1081,Wheat,1219,3.7
F0855,B1885,Maize,1033,4.2
F0148,B0109,Sugarcane,1406,4.5
F0381,B1541,Maize,530,4.5
F1133,B0985,Maize,1336,4.6
F0552,B0024,Wheat,342,3.1
F1145,B0221,Cotton,135,3.1
F0295,B1984,Wheat,1089,4.6
F1144,B0315,Cotton,777,4.1
F0456,B0294,Sugarcane,677,4.2
F1554,B1953,Wheat,167,3.1
F0169,B1034,Wheat,319,3.5
F0710,B1701,Barley,1468,4.3
F1947,B1020,Pulses,1028,4.7
F1167,B1505,Rice,904,4.8
F0037,B1751,Wheat,211,4.0
F1722,B1018,Pulses,749,4.1
F1285,B0638,Millets,1177,4.7
F0231,B0267,Rice,216,4.1
F0254,B1816,Barley,349,4.0
F0329,B0088,Cotton,77,4.8
F1927,B0455,Millets,1497,4.6
F1321,B1650,Cotton,611,4.8
F0980,B1557,Cotton,932,3.4
F0010,B1172,Pulses,205,4.0
F0446,B0757,Pulses,1397,4.7
F0922,B1802,Rice,1421,3.2
F0836,B1753,Cotton,1194,4.6
F1254,B0431,Maize,701,3.4
F1560,B1776,Millets,870,4.6
F0078,B1967,Wheat,610,4.2
F1449,B0911,Pulses,1237,3.4
F0193,B1964,Pulses,1135,3.9
F0401,B1768,Pulses,1413,4.4
F0109,B1768,Rice,361,4.3
F0792,B0242,Cotton,425,3.9
F1947,B0702,Maize,1419,4.8
F0263,B0902,Wheat,199,4.0
F0329,B0741,Wheat,634,4.0
F0363,B0066,Cotton,630,3.1
F1891,B0972,Maize,1026,4.8
F1402,B0378,Rice,226,3.4
F1804,B0388,Pulses,403,4.1
F1365,B1815,Pulses,563,4.6
F0259,B0781,Millets,358,3.4
F1359,B0209,Millets,168,4.1
F0085,B1439,Millets,816,3.5
F1546,B0016,Barley,1045,4.5
F1825,B1321,Cotton,1022,4.1
F1838,B0986,Wheat,965,4.7
F1595,B1244,Pulses,527,4.8
F0308,B1793,Barley,1487,4.3
F0262,B0367,Wheat,636,4.5
F1922,B0780,Wheat,400,4.1
F0797,B1253,Cotton,244,3.8
F0631,B1655,Sugarcane,1260,4.3
F0680,B0440,Millets,545,4.8
F0865,B0690,Barley,564,3.8
F1725,B1556,Sugarcane,745,3.6
F1476,B1474,Sugarcane,322,3.8
F1275,B1060,Barley,929,3.9
F0324,B0847,Maize,101,3.1
F0925,B0422,Millets,312,4.0
F1253,B1942,Cotton,1441,4.0
F1726,B1644,Barley,182,4.2
F1852,B1213,Wheat,1043,3.7
F1660,B1202,Barley,1298,4.2
F1620,B0608,Pulses,359,4.8
F1321,B1339,Barley,65,4.9
F0727,B0020,Maize,244,4.2
F1261,B0676,Millets,352,3.1
F0978,B0382,Millets,1121,4.9
F1649,B0609,Sugarcane,1194,4.4
F0217,B0143,Rice,881,3.7
F1857,B0062,Millets,611,3.3
F1270,B1266,Millets,90,3.3
F0448,B0238,Maize,583,3.3
F1871,B1155,Maize,420,3.1
F0319,B1629,Cotton,1255,4.8
F0994,B1627,Pulses,566,4.1
F1456,B1669,Maize,706,4.4
F1428,B1147,Barley,639,4.7
F1910,B1464,Pulses,280,4.6
F0037,B0927,Cotton,858,4.8
F1600,B0342,Barley,1421,4.9
F0731,B1443,Millets,528,3.9
F1366,B1654,Rice,1282,4.9
F1011,B0455,Wheat,724,4.4
F1413,B1222,Wheat,327,3.1
F1058,B0282,Sugarcane,102,4.4
F0039,B0886,Millets,1083,4.4
F1603,B1025,Sugarcane,797,4.8
F0209,B0723,Rice,513,3.7
F0830,B1799,Wheat,803,4.2
F0856,B1956,Sugarcane,632,3.0
F1176,B1356,Millets,207,3.7
F0899,B1236,Pulses,68,3.1
F1389,B0087,Maize,104,4.0
F1223,B0665,Cotton,770,4.6
F0601,B0862,Barley,1094,3.4
F0760,B1723,Sugarcane,1355,4.1
F1859,B0061,Rice,810,3.4
F1103,B0797,Barley,1068,3.2
F1501,B0095,Wheat,1490,4.0
F0434,B0786,Millets,857,3.2
F1821,B1577,Rice,772,4.2
F0842,B1171,Cotton,334,3.1
F0032,B1270,Cotton,560,3.2
F1111,B1668,Rice,1071,4.1
F1575,B0961,Sugarcane,1469,4.2
F0393,B0297,Sugarcane,169,3.1
F1637,B1147,Wheat,146,4.1
F1268,B1679,Pulses,169,4.7
F1256,B0694,Wheat,1226,4.4
F0910,B1728,Maize,1318,3.3
F1604,B1480,Pulses,442,4.2
F0192,B0399,Millets,1216,4.3
F1940,B1743,Barley,843,3.1
F1564,B0946,Millets,269,4.7
F0270,B1255,Maize,888,4.8
F1964,B0534,Wheat,209,4.7
F0738,B0402,Pulses,1149,4.6
F0077,B1616,Pulses,660,4.5
F0735,B0130,Maize,688,4.3
F0884,B0292,Millets,1105,4.4
F1191,B0276,Rice,826,4.6
F0284,B0912,Sugarcane,383,4.3
F1728,B1859,Pulses,941,3.7
F1113,B1400,Barley,989,3.8
F0544,B0926,Barley,401,4.8
F0649,B0055,Pulses,1412,3.0
F1180,B1602,Maize,975,4.4
F0250,B0739,Pulses,1473,4.9
F0095,B1050,Millets,445,4.4
F0017,B1465,Maize,1275,5.0
F0117,B0765,Rice,579,4.4
F0983,B1221,Barley,1166,3.1
F0333,B0642,Pulses,407,4.7
F1847,B1267,Cotton,1469,3.6
F1546,B1848,Wheat,877,3.9
F1104,B0724,Barley,109,3.6
F0646,B1214,Rice,526,3.5
F1456,B0802,Cotton,661,3.9
F1227,B0738,Barley,50,3.8
F0116,B0758,Rice,360,4.3
F0963,B1592,Sugarcane,217,4.6
F1244,B0567,Rice,241,3.6
F1277,B1300,Rice,1107,3.4
F1193,B1842,Sugarcane,1107,4.3
F0847,B1433,Pulses,1490,4.3
F0316,B0340,Wheat,757,4.8
F1741,B0153,Millets,1231,3.0
F0810,B1589,Cotton,415,4.7
F0372,B1422,Barley,1413,4.0
F0760,B1468,Millets,907,4.2
F0877,B1647,Maize,1408,3.2
F0977,B1004,Wheat,376,3.9
F1607,B0427,Millets,163,3.5
F0156,B1003,Barley,846,3.5
F0614,B1982,Rice,968,4.0
F1037,B1511,Millets,1491,4.6
F0508,B0204,Maize,1216,4.5
F0465,B1136,Sugarcane,658,4.2
F0783,B0325,Millets,358,4.1
F0804,B1983,Wheat,450,3.9
F0220,B1282,Pulses,1393,4.9
F0015,B0950,Cotton,261,4.1
F1774,B1552,Wheat,366,3.5
F0117,B0951,Wheat,234,3.5
F0331,B1374,Pulses,1278,4.2
F0056,B0939,Maize,1437,4.0
F1375,B0957,Sugarcane,1289,3.0
F1156,B1702,Pulses,295,4.7
F1250,B1837,Barley,288,4.4
F0308,B0894,Sugarcane,1464,4.3
F1499,B0435,Pulses,569,3.1
F1930,B1450,Wheat,326,3.7
F0222,B1304,Sugarcane,1055,4.9
F1197,B0371,Maize,251,4.7
F1364,B1694,Maize,263,3.6
F0797,B0933,Cotton,655,3.3
F1530,B0249,Sugarcane,527,3.9
F1845,B0891,Cotton,557,3.7
F1181,B0181,Barley,1148,4.4
F0151,B0703,Pulses,718,4.9
F1721,B0999,Rice,714,3.7
F1202,B1675,Barley,191,3.1
F1557,B0078,Maize,371,4.8
F0112,B0919,Wheat,510,3.1
F0683,B0885,Millets,756,4.9
F1162,B0336,Maize,719,4.3
F1257,B0050,Rice,1219,4.9
F0332,B0085,Wheat,103,3.4
F1566,B1719,Sugarcane,1429,3.1
F0893,B0695,Millets,326,4.0
F1331,B0004,Sugarcane,449,3.9
F0161,B0993,Barley,717,3.7
F1426,B1974,Millets,565,4.9
F1614,B0317,Maize,1384,4.6
F0278,B1135,Wheat,1344,4.3
F1344,B1358,Pulses,625,3.3
F1557,B1875,Millets,161,4.5
F0897,B0763,Wheat,288,4.5
F0497,B1157,Cotton,1217,3.9
F1387,B0612,Rice,1447,4.8
F1396,B1005,Barley,1093,3.3
F1916,B0914,Sugarcane,1362,3.5
F0655,B1708,Maize,246,3.1
F1060,B0799,Wheat,431,4.6
F0303,B0119,Sugarcane,213,4.2
F0438,B0350,Maize,655,3.6
F0726,B0917,Millets,1322,3.3
F1056,B0687,Sugarcane,1141,3.1
F0186,B0542,Maize,904,3.3
F1198,B1079,Sugarcane,1094,3.9
F1590,B0361,Pulses,880,3.5
F0673,B0708,Cotton,646,3.5
F1274,B1477,Rice,1463,4.8
F1001,B1577,Sugarcane,585,4.0
F1787,B0685,Rice,160,4.5
F1959,B0330,Sugarcane,998,3.1
F0279,B0219,Barley,912,3.7
F0683,B0208,Wheat,644,4.0
F1719,B1694,Cotton,1071,3.4
F1026,B0845,Barley,509,3.2
F1218,B1764,Pulses,1151,4.7
F1190,B0085,Cotton,483,4.9
F1783,B0685,Rice,1453,3.2
F1011,B0245,Wheat,937,3.7
F0925,B0872,Maize,832,4.9
F1780,B1023,Barley,1412,3.2
F1134,B1709,Cotton,1037,4.3
F0380,B1359,Pulses,1497,4.9
F0835,B1236,Barley,218,5.0
F0999,B0596,Wheat,758,3.9
F1607,B0685,Wheat,1014,3.3
F1700,B1207,Rice,1335,3.4
F0285,B1979,Pulses,776,4.8
F1911,B1157,Wheat,278,4.8
F0421,B1014,Millets,1234,4.2
F0113,B1014,Wheat,476,4.5
F1018,B1916,Maize,171,4.5
F0228,B1824,Rice,198,4.3
F1495,B1798,Rice,901,4.7
F1837,B0350,Pulses,754,4.4
F0528,B0282,Wheat,160,4.1
F0496,B0293,Maize,1294,3.5
F0031,B1293,Sugarcane,113,4.5
F0162,B1885,Cotton,687,3.9
F1842,B1221,Millets,1427,3.6
F0705,B1561,Barley,958,4.6
F0722,B1677,Rice,62,4.4
F1402,B0984,Maize,983,4.9
F0446,B1759,Pulses,1226,3.3
F0744,B0020,Maize,288,4.3
F0427,B0759,Wheat,1263,3.5
F1720,B1864,Millets,712,4.8
F0504,B1980,Cotton,1159,3.2
F1551,B1737,Rice,1094,4.3
F1968,B0405,Sugarcane,743,4.6
F1841,B1139,Wheat,1392,3.7
F0721,B1919,Rice,1231,4.9
